rank,id,name
51,h997,Yannick Hanfmann
52,bt72,Nuno Borges
53,m0gz,Giovanni Mpetshi Perricard
54,f724,Marton Fucsovics
55,j0dz,Rafael Jodar
56,ae14,Daniel Altmaier
57,b0bi,Sebastian Baez
58,ki95,Miomir Kecmanovic
59,p09z,Alexei Popyrin
60,b0id,Ignacio Buse
61,b0fv,Roman Andres Burruchaga
62,b0cd,Jenson Brooksby
63,hb71,Hubert Hurkacz
64,u182,Camilo Ugo Carabelli
65,c0jp,Raphael Collignon
66,su87,Lorenzo Sonego
67,te51,Stefanos Tsitsipas
68,o522,Reilly Opelka
69,c0c8,Juan Manuel Cerundolo
70,c0h0,Arthur Cazaux
71,b0pg,Alexander Blockx
72,mq75,Kamil Majchrzak
73,t0a1,Thiago Agustin Tirante
74,s0h2,Alexander Shevchenko
75,gc88,Marcos Giron
76,r0eb,Valentin Royer
77,ki82,Vit Kopriva
78,b0gg,Mattia Bellucci
79,ta29,Marco Trungelliti
80,d994,James Duckworth
81,sl28,Jan Lennard Struff
82,d923,Damir Dzumhur
83,gd64,Cristian Garin
84,s0k7,Zachary Svajda
85,s0ja,Eliot Spizzirri
86,o513,Sebastian Ofner
87,p0hw,Dino Prizmic
88,m0jf,Hamad Medjedovic
89,v832,Aleksandar Vukic
90,hb64,Quentin Halys
91,bk40,Matteo Berrettini
92,c0df,Francisco Comesana
93,bd06,Roberto Bautista Agut
94,cd85,Pablo Carreno Busta
95,mp20,Alexandre Muller
96,k0a3,Patrick Kypson
97,v0dp,Adolfo Daniel Vallejo
98,f0by,Jacob Fearnley
99,k0az,Aleksandar Kovacevic
100,v0dz,Luca Van Assche
101,l0il,Martin Landaluce
102,wb32,Yibing Wu
103,h0bh,Rinky Hijikata
104,m0n7,Daniel Merida
105,a0fc,Matteo Arnaldi
106,bm95,Benjamin Bonzi
107,w367,Stan Wawrinka
108,d0c1,Jesper De Jong
109,w09e,Adam Walton
110,sy67,Sho Shimabukuro
111,m0jz,Filip Misolic
112,n0am,Emilio Nava
113,m0if,Francesco Maestrelli
114,d0dw,Titouan Droguet
115,s0n0,Tristan Schoolkate
116,g09o,Hugo Gaston
117,ch12,Jan Choinski
118,bg23,Nikoloz Basilashvili
119,te16,Carlos Taberner
120,bs86,Tomas Barrios Vera
121,w0bh,Coleman Wong
122,g0fw,Vilius Gaubas
123,mk66,Mackenzie Mcdonald
124,d0dt,Martin Damm
125,mo44,Pedro Martinez
126,r0go,Henrique Rocha
127,m0hu,Shintaro Mochizuki
128,s0gd,Dalibor Svrcina
129,m0k4,Elmer Moller
130,v0am,Otto Virtanen
131,ph64,Andrea Pellegrino
132,s0ia,Dane Sweeny
133,p0ht,Jack Pinnington Jones
134,l987,Dusan Lajovic
135,d875,Grigor Dimitrov
136,ta12,Stefano Travaglia
137,gh92,Borna Gojo
138,g0ix,Arthur Gea
139,b0u4,Nicolai Budkov Kjaer
140,n0bg,Luca Nardi
141,o483,Christopher O'connell
142,f0f2,Jaime Faria
143,tc61,Jordan Thompson
144,p09o,Zsombor Piros
145,r0e0,Chris Rodesch
146,ea13,Moez Echargui
147,p0ct,Francesco Passaro
148,hd68,Billy Harris
149,j0az,Kyrian Jacquet
150,m0aw,Nicolas Mejia
151,l0cx,Pablo Llamas Ruiz
152,z0bz,Michael Zheng
153,hg86,Lloyd Harris
154,bi81,Alex Bolt
155,j551,Nicolas Jarry
156,da31,Hugo Dellien
157,d0dp,Liam Draxl
158,ki63,Lukas Klein
159,t0ap,Chun Hsin Tseng
160,bv16,Ugo Blanchet
161,s0uv,Rei Sakamoto
162,f0dm,Arthur Fery
163,s0tm,Toby Samuel
164,r09x,Jurij Rodionov
165,l0gh,Mark Lajal
166,mv14,Alex Molcan
167,z0a1,Giulio Zeppieri
168,b0gy,Alex Barrena
169,r0fs,Leandro Riedi
170,k0ep,Jerome Kym
171,n732,Yoshihito Nishioka
172,y218,Elias Ymer
173,s0wt,Joel Schwaerzler
174,b0nn,Nishesh Basavareddy
175,y09v,Yunchaokete Bu
176,c0bh,Clement Chidekh
177,g0by,Daniil Glinka
178,d0cg,Facundo Diaz Acosta
179,gb88,David Goffin
180,m0n1,Luka Mikrut
181,d0h9,Guy Den Ouden
182,kh56,Zdenek Kolar
183,m0g4,Harold Mayot
184,e0dd,Justin Engel
185,gj16,Federico Agustin Gomez
186,cf01,Marco Cecchinato
187,b0gr,Gonzalo Bueno
188,h09n,August Holmgren
189,s0ze,Colton Smith
190,fa43,Juan Pablo Ficovich
191,ta46,Bernard Tomic
192,g0gd,Matteo Gigante
193,n0cs,Lukas Neumayer
194,ci14,Jay Clarke
195,s0gr,Timofey Skatov
196,t09x,Clement Tabur
197,p0iy,Juan Carlos Prado Angelo
198,o660,Genaro Alberto Olivieri
199,bu70,Remy Bertola
200,mc65,Gael Monfils